Name,PIN,Balance,Account Number
John Doe,12108,100,112233
Jane Doe,932012,30,112244
Jacky Chan,345234,40,112211
Jessie Jane,907834,90,112222
Jack Sparrow,453421,20,112255
Anna,889898,100,112266
Tania,332323,200,112277
Michael Burry,345678,30,112278
John Cena,123456,60,112279
Brock Lesnar,909090,60,112280
Jeff Musk,987864,70,112281
Elon Mark,343499,30,112282
Bob Marley,230985,90,112283
Rob Barley,913562,50,112284
David Beck,132123,20,112285
Alita,123109,120,112287
Goerge Bash,908321,80,112288
Neil Unstrong,400092,110,112289
Diana,444021,50,112290
